"Activity Date","Process Date","Settle Date","Instrument","Description","Trans Code","Quantity","Price","Amount"
"11/14/2025","11/14/2025","11/17/2025","VOO","Vanguard S&P 500 ETF CUSIP: 922908363 Recurring","Buy","0.121265","$618.48","($75.00)"
"11/14/2025","11/14/2025","11/17/2025","SCHD","Schwab US Dividend Equity ETF CUSIP: 808524797 Recurring","Buy","0.733406","$27.27","($20.00)"
"11/14/2025","11/14/2025","11/17/2025","FDVV","Fidelity High Dividend ETF CUSIP: 316092840 Recurring","Buy","0.892538","$56.02","($50.00)"
"11/14/2025","11/14/2025","11/17/2025","QQQM","Invesco Exchange-Traded Fund Trust II Invesco NASDAQ 100 ETF CUSIP: 46138G649 Recurring","Buy","0.298369","$251.37","($75.00)"
"11/13/2025","11/13/2025","11/14/2025","VOO","Vanguard S&P 500 ETF CUSIP: 922908363 Recurring","Buy","0.121333","$618.13","($75.00)"
"11/13/2025","11/13/2025","11/14/2025","SCHD","Schwab US Dividend Equity ETF CUSIP: 808524797 Recurring","Buy","0.729724","$27.41","($20.00)"
"11/13/2025","11/13/2025","11/14/2025","FDVV","Fidelity High Dividend ETF CUSIP: 316092840 Recurring","Buy","0.891589","$56.08","($50.00)"
"11/13/2025","11/13/2025","11/14/2025","QQQM","Invesco Exchange-Traded Fund Trust II Invesco NASDAQ 100 ETF CUSIP: 46138G649 Recurring","Buy","0.299896","$250.09","($75.00)"
"11/13/2025","11/13/2025","11/14/2025","","ACH Deposit","ACH","","","$1,100.00"
"11/12/2025","11/12/2025","11/13/2025","VOO","Vanguard S&P 500 ETF CUSIP: 922908363 Recurring","Buy","0.119378","$628.26","($75.00)"
"11/12/2025","11/12/2025","11/13/2025","SCHD","Schwab US Dividend Equity ETF CUSIP: 808524797 Recurring","Buy","0.733944","$27.25","($20.00)"
"11/12/2025","11/12/2025","11/13/2025","FDVV","Fidelity High Dividend ETF CUSIP: 316092840 Recurring","Buy","0.882534","$56.66","($50.00)"
"11/12/2025","11/12/2025","11/13/2025","QQQM","Invesco Exchange-Traded Fund Trust II Invesco NASDAQ 100 ETF CUSIP: 46138G649 Recurring","Buy","0.293507","$255.53","($75.00)"
"11/11/2025","11/11/2025","11/12/2025","VOO","Vanguard S&P 500 ETF CUSIP: 922908363 Recurring","Buy","0.119419","$628.04","($75.00)"
"11/11/2025","11/11/2025","11/12/2025","SCHD","Schwab US Dividend Equity ETF CUSIP: 808524797 Recurring","Buy","0.736377","$27.16","($20.00)"
"11/11/2025","11/11/2025","11/12/2025","FDVV","Fidelity High Dividend ETF CUSIP: 316092840 Recurring","Buy","0.884329","$56.54","($50.00)"
"11/11/2025","11/11/2025","11/12/2025","QQQM","Invesco Exchange-Traded Fund Trust II Invesco NASDAQ 100 ETF CUSIP: 46138G649 Recurring","Buy","0.293214","$255.79","($75.00)"
"11/10/2025","11/10/2025","11/12/2025","VOO","Vanguard S&P 500 ETF CUSIP: 922908363 Recurring","Buy","0.119895","$625.54","($75.00)"
"11/10/2025","11/10/2025","11/12/2025","SCHD","Schwab US Dividend Equity ETF CUSIP: 808524797 Recurring","Buy","0.748828","$26.71","($20.00)"
"11/10/2025","11/10/2025","11/12/2025","FDVV","Fidelity High Dividend ETF CUSIP: 316092840 Recurring","Buy","0.892747","$56.01","($50.00)"
"11/10/2025","11/10/2025","11/12/2025","QQQM","Invesco Exchange-Traded Fund Trust II Invesco NASDAQ 100 ETF CUSIP: 46138G649 Recurring","Buy","0.292957","$256.01","($75.00)"
"11/7/2025","11/7/2025","11/10/2025","VOO","Vanguard S&P 500 ETF CUSIP: 922908363 Recurring","Buy","0.122435","$612.57","($75.00)"
"11/7/2025","11/7/2025","11/10/2025","SCHD","Schwab US Dividend Equity ETF CUSIP: 808524797 Recurring","Buy","0.751879","$26.60","($20.00)"
"11/7/2025","11/7/2025","11/10/2025","FDVV","Fidelity High Dividend ETF CUSIP: 316092840 Recurring","Buy","0.905029","$55.25","($50.00)"
"11/7/2025","11/7/2025","11/10/2025","QQQM","Invesco Exchange-Traded Fund Trust II Invesco NASDAQ 100 ETF CUSIP: 46138G649 Recurring","Buy","0.301653","$248.63","($75.00)"
"11/7/2025","11/7/2025","11/7/2025","FDVV","Stock Lending","SLIP","","","$0.01"
"11/7/2025","11/7/2025","11/7/2025","QQQM","Stock Lending","SLIP","","","$0.01"
"11/7/2025","11/7/2025","11/10/2025","","ACH Deposit","ACH","","","$1,100.00"
"11/6/2025","11/6/2025","11/7/2025","VOO","Vanguard S&P 500 ETF CUSIP: 922908363 Recurring","Buy","0.121236","$618.62","($75.00)"
"11/6/2025","11/6/2025","11/7/2025","SCHD","Schwab US Dividend Equity ETF CUSIP: 808524797 Recurring","Buy","0.753863","$26.53","($20.00)"
"11/6/2025","11/6/2025","11/7/2025","FDVV","Fidelity High Dividend ETF CUSIP: 316092840 Recurring","Buy","0.901776","$55.45","($50.00)"
"11/6/2025","11/6/2025","11/7/2025","QQQM","Invesco Exchange-Traded Fund Trust II Invesco NASDAQ 100 ETF CUSIP: 46138G649 Recurring","Buy","0.296948","$252.57","($75.00)"
"11/5/2025","11/5/2025","11/6/2025","VOO","Vanguard S&P 500 ETF CUSIP: 922908363 Recurring","Buy","0.119923","$625.40","($75.00)"
"11/5/2025","11/5/2025","11/6/2025","SCHD","Schwab US Dividend Equity ETF CUSIP: 808524797 Recurring","Buy","0.75075","$26.64","($20.00)"
"11/5/2025","11/5/2025","11/6/2025","FDVV","Fidelity High Dividend ETF CUSIP: 316092840 Recurring","Buy","0.896057","$55.80","($50.00)"
"11/5/2025","11/5/2025","11/6/2025","QQQM","Invesco Exchange-Traded Fund Trust II Invesco NASDAQ 100 ETF CUSIP: 46138G649 Recurring","Buy","0.291194","$257.56","($75.00)"
"11/4/2025","11/4/2025","11/5/2025","VOO","Vanguard S&P 500 ETF CUSIP: 922908363 Recurring","Buy","0.120569","$622.05","($75.00)"
"11/4/2025","11/4/2025","11/5/2025","SCHD","Schwab US Dividend Equity ETF CUSIP: 808524797 Recurring","Buy","0.758725","$26.36","($20.00)"
"11/4/2025","11/4/2025","11/5/2025","FDVV","Fidelity High Dividend ETF CUSIP: 316092840 Recurring","Buy","0.902264","$55.42","($50.00)"
"11/4/2025","11/4/2025","11/5/2025","QQQM","Invesco Exchange-Traded Fund Trust II Invesco NASDAQ 100 ETF CUSIP: 46138G649 Recurring","Buy","0.293616","$255.44","($75.00)"
"11/4/2025","11/4/2025","11/5/2025","SCHD","Schwab US Dividend Equity ETF CUSIP: 808524797","Buy","0.096435","$26.34","($2.54)"
"11/3/2025","11/3/2025","11/4/2025","VOO","Vanguard S&P 500 ETF CUSIP: 922908363 Recurring","Buy","0.119388","$628.20","($75.00)"
"11/3/2025","11/3/2025","11/4/2025","SCHD","Schwab US Dividend Equity ETF CUSIP: 808524797 Recurring","Buy","0.756166","$26.45","($20.00)"
"11/3/2025","11/3/2025","11/4/2025","FDVV","Fidelity High Dividend ETF CUSIP: 316092840 Recurring","Buy","0.894936","$55.87","($50.00)"
"11/3/2025","11/3/2025","11/4/2025","QQQM","Invesco Exchange-Traded Fund Trust II Invesco NASDAQ 100 ETF CUSIP: 46138G649 Recurring","Buy","0.287676","$260.71","($75.00)"
"10/31/2025","10/31/2025","10/31/2025","","Interest Payment","INT","","","$2.54"
"10/31/2025","10/31/2025","11/3/2025","VOO","Vanguard S&P 500 ETF CUSIP: 922908363 Recurring","Buy","0.119684","$626.64","($75.00)"
"10/31/2025","10/31/2025","11/3/2025","SCHD","Schwab US Dividend Equity ETF CUSIP: 808524797 Recurring","Buy","0.750235","$26.66","($20.00)"
"10/31/2025","10/31/2025","11/3/2025","FDVV","Fidelity High Dividend ETF CUSIP: 316092840 Recurring","Buy","0.896619","$55.76","($50.00)"
"10/31/2025","10/31/2025","11/3/2025","QQQM","Invesco Exchange-Traded Fund Trust II Invesco NASDAQ 100 ETF CUSIP: 46138G649 Recurring","Buy","0.290188","$258.45","($75.00)"
"10/30/2025","10/30/2025","10/31/2025","VOO","Vanguard S&P 500 ETF CUSIP: 922908363 Recurring","Buy","0.119248","$628.94","($75.00)"
"10/30/2025","10/30/2025","10/31/2025","SCHD","Schwab US Dividend Equity ETF CUSIP: 808524797 Recurring","Buy","0.746268","$26.80","($20.00)"
"10/30/2025","10/30/2025","10/31/2025","FDVV","Fidelity High Dividend ETF CUSIP: 316092840 Recurring","Buy","0.889388","$56.22","($50.00)"
"10/30/2025","10/30/2025","10/31/2025","QQQM","Invesco Exchange-Traded Fund Trust II Invesco NASDAQ 100 ETF CUSIP: 46138G649 Recurring","Buy","0.289018","$259.50","($75.00)"
"10/29/2025","10/29/2025","10/30/2025","VOO","Vanguard S&P 500 ETF CUSIP: 922908363 Recurring","Buy","0.118543","$632.68","($75.00)"
"10/29/2025","10/29/2025","10/30/2025","SCHD","Schwab US Dividend Equity ETF CUSIP: 808524797 Recurring","Buy","0.742942","$26.92","($20.00)"
"10/29/2025","10/29/2025","10/30/2025","FDVV","Fidelity High Dividend ETF CUSIP: 316092840 Recurring","Buy","0.884093","$56.56","($50.00)"
"10/29/2025","10/29/2025","10/30/2025","QQQM","Invesco Exchange-Traded Fund Trust II Invesco NASDAQ 100 ETF CUSIP: 46138G649 Recurring","Buy","0.287059","$261.27","($75.00)"
"10/29/2025","10/29/2025","10/30/2025","","ACH Deposit","ACH","","","$1,100.00"
"10/28/2025","10/28/2025","10/29/2025","VOO","Vanguard S&P 500 ETF CUSIP: 922908363 Recurring","Buy","0.118614","$632.30","($75.00)"
"10/28/2025","10/28/2025","10/29/2025","SCHD","Schwab US Dividend Equity ETF CUSIP: 808524797 Recurring","Buy","0.738825","$27.07","($20.00)"
"10/28/2025","10/28/2025","10/29/2025","FDVV","Fidelity High Dividend ETF CUSIP: 316092840 Recurring","Buy","0.88347","$56.60","($50.00)"
"10/28/2025","10/28/2025","10/29/2025","QQQM","Invesco Exchange-Traded Fund Trust II Invesco NASDAQ 100 ETF CUSIP: 46138G649 Recurring","Buy","0.28814","$260.29","($75.00)"
"10/27/2025","10/27/2025","10/28/2025","VOO","Vanguard S&P 500 ETF CUSIP: 922908363 Recurring","Buy","0.11928","$628.77","($75.00)"
"10/27/2025","10/27/2025","10/28/2025","SCHD","Schwab US Dividend Equity ETF CUSIP: 808524797 Recurring","Buy","0.739371","$27.05","($20.00)"
"10/27/2025","10/27/2025","10/28/2025","FDVV","Fidelity High Dividend ETF CUSIP: 316092840 Recurring","Buy","0.884251","$56.54","($50.00)"
"10/27/2025","10/27/2025","10/28/2025","QQQM","Invesco Exchange-Traded Fund Trust II Invesco NASDAQ 100 ETF CUSIP: 46138G649 Recurring","Buy","0.290663","$258.03","($75.00)"
"10/24/2025","10/24/2025","10/27/2025","VOO","Vanguard S&P 500 ETF CUSIP: 922908363 Recurring","Buy","0.12028","$623.54","($75.00)"
"10/24/2025","10/24/2025","10/27/2025","SCHD","Schwab US Dividend Equity ETF CUSIP: 808524797 Recurring","Buy","0.738279","$27.09","($20.00)"
"10/24/2025","10/24/2025","10/27/2025","FDVV","Fidelity High Dividend ETF CUSIP: 316092840 Recurring","Buy","0.887547","$56.34","($50.00)"
"10/24/2025","10/24/2025","10/27/2025","QQQM","Invesco Exchange-Traded Fund Trust II Invesco NASDAQ 100 ETF CUSIP: 46138G649 Recurring","Buy","0.294753","$254.45","($75.00)"
"10/24/2025","10/24/2025","10/27/2025","SCHD","Schwab US Dividend Equity ETF CUSIP: 808524797","Buy","0.046699","$27.20","($1.27)"
"10/24/2025","10/24/2025","10/27/2025","","ACH Deposit","ACH","","","$1,100.00"
"10/23/2025","10/23/2025","10/24/2025","VOO","Vanguard S&P 500 ETF CUSIP: 922908363 Recurring","Buy","0.121355","$618.02","($75.00)"
"10/23/2025","10/23/2025","10/24/2025","SCHD","Schwab US Dividend Equity ETF CUSIP: 808524797 Recurring","Buy","0.739098","$27.06","($20.00)"
"10/23/2025","10/23/2025","10/24/2025","FDVV","Fidelity High Dividend ETF CUSIP: 316092840 Recurring","Buy","0.893894","$55.94","($50.00)"
"10/23/2025","10/23/2025","10/24/2025","QQQM","Invesco Exchange-Traded Fund Trust II Invesco NASDAQ 100 ETF CUSIP: 46138G649 Recurring","Buy","0.298775","$251.02","($75.00)"
"10/22/2025","10/22/2025","10/23/2025","VOO","Vanguard S&P 500 ETF CUSIP: 922908363 Recurring","Buy","0.122705","$611.22","($75.00)"
"10/22/2025","10/22/2025","10/23/2025","SCHD","Schwab US Dividend Equity ETF CUSIP: 808524797 Recurring","Buy","0.742115","$26.95","($20.00)"
"10/22/2025","10/22/2025","10/23/2025","FDVV","Fidelity High Dividend ETF CUSIP: 316092840 Recurring","Buy","0.899361","$55.60","($50.00)"
"10/22/2025","10/22/2025","10/23/2025","QQQM","Invesco Exchange-Traded Fund Trust II Invesco NASDAQ 100 ETF CUSIP: 46138G649 Recurring","Buy","0.302394","$248.02","($75.00)"
"10/21/2025","10/21/2025","10/22/2025","VOO","Vanguard S&P 500 ETF CUSIP: 922908363 Recurring","Buy","0.121347","$618.06","($75.00)"
"10/21/2025","10/21/2025","10/22/2025","SCHD","Schwab US Dividend Equity ETF CUSIP: 808524797 Recurring","Buy","0.737213","$27.13","($20.00)"
"10/21/2025","10/21/2025","10/22/2025","FDVV","Fidelity High Dividend ETF CUSIP: 316092840 Recurring","Buy","0.894374","$55.90","($50.00)"
"10/21/2025","10/21/2025","10/22/2025","QQQM","Invesco Exchange-Traded Fund Trust II Invesco NASDAQ 100 ETF CUSIP: 46138G649 Recurring","Buy","0.298104","$251.59","($75.00)"
"10/20/2025","10/20/2025","10/21/2025","VOO","Vanguard S&P 500 ETF CUSIP: 922908363 Recurring","Buy","0.1214","$617.79","($75.00)"
"10/20/2025","10/20/2025","10/21/2025","SCHD","Schwab US Dividend Equity ETF CUSIP: 808524797 Recurring","Buy","0.741053","$26.99","($20.00)"
"10/20/2025","10/20/2025","10/21/2025","FDVV","Fidelity High Dividend ETF CUSIP: 316092840 Recurring","Buy","0.892936","$56.00","($50.00)"
"10/20/2025","10/20/2025","10/21/2025","QQQM","Invesco Exchange-Traded Fund Trust II Invesco NASDAQ 100 ETF CUSIP: 46138G649 Recurring","Buy","0.297489","$252.11","($75.00)"
"10/17/2025","10/17/2025","10/20/2025","VOO","Vanguard S&P 500 ETF CUSIP: 922908363 Recurring","Buy","0.12287","$610.40","($75.00)"
"10/17/2025","10/17/2025","10/20/2025","SCHD","Schwab US Dividend Equity ETF CUSIP: 808524797 Recurring","Buy","0.749625","$26.68","($20.00)"
"10/17/2025","10/17/2025","10/20/2025","FDVV","Fidelity High Dividend ETF CUSIP: 316092840 Recurring","Buy","0.90375","$55.32","($50.00)"
"10/17/2025","10/17/2025","10/20/2025","QQQM","Invesco Exchange-Traded Fund Trust II Invesco NASDAQ 100 ETF CUSIP: 46138G649 Recurring","Buy","0.302824","$247.67","($75.00)"
"10/16/2025","10/16/2025","10/17/2025","VOO","Vanguard S&P 500 ETF CUSIP: 922908363 Recurring","Buy","0.123725","$606.18","($75.00)"
"10/16/2025","10/16/2025","10/17/2025","SCHD","Schwab US Dividend Equity ETF CUSIP: 808524797 Recurring","Buy","0.75247","$26.58","($20.00)"
"10/16/2025","10/16/2025","10/17/2025","FDVV","Fidelity High Dividend ETF CUSIP: 316092840 Recurring","Buy","0.902853","$55.38","($50.00)"
"10/16/2025","10/16/2025","10/17/2025","QQQM","Invesco Exchange-Traded Fund Trust II Invesco NASDAQ 100 ETF CUSIP: 46138G649 Recurring","Buy","0.302455","$247.97","($75.00)"
"10/15/2025","10/15/2025","10/16/2025","VOO","Vanguard S&P 500 ETF CUSIP: 922908363 Recurring","Buy","0.122901","$610.24","($75.00)"
"10/15/2025","10/15/2025","10/16/2025","SCHD","Schwab US Dividend Equity ETF CUSIP: 808524797 Recurring","Buy","0.747943","$26.74","($20.00)"
"10/15/2025","10/15/2025","10/16/2025","FDVV","Fidelity High Dividend ETF CUSIP: 316092840 Recurring","Buy","0.901631","$55.46","($50.00)"
"10/15/2025","10/15/2025","10/16/2025","QQQM","Invesco Exchange-Traded Fund Trust II Invesco NASDAQ 100 ETF CUSIP: 46138G649 Recurring","Buy","0.304472","$246.33","($75.00)"
"10/15/2025","10/15/2025","10/16/2025","","ACH Deposit","ACH","","","$1,540.00"
"10/14/2025","10/14/2025","10/15/2025","VOO","Vanguard S&P 500 ETF CUSIP: 922908363 Recurring","Buy","0.122694","$611.28","($75.00)"
"10/14/2025","10/14/2025","10/15/2025","SCHD","Schwab US Dividend Equity ETF CUSIP: 808524797 Recurring","Buy","0.743779","$26.89","($20.00)"
"10/14/2025","10/14/2025","10/15/2025","FDVV","Fidelity High Dividend ETF CUSIP: 316092840 Recurring","Buy","0.900495","$55.52","($50.00)"
"10/14/2025","10/14/2025","10/15/2025","QQQM","Invesco Exchange-Traded Fund Trust II Invesco NASDAQ 100 ETF CUSIP: 46138G649 Recurring","Buy","0.302748","$247.73","($75.00)"
"10/13/2025","10/13/2025","10/14/2025","VOO","Vanguard S&P 500 ETF CUSIP: 922908363 Recurring","Buy","0.12295","$610.00","($75.00)"
"10/13/2025","10/13/2025","10/14/2025","SCHD","Schwab US Dividend Equity ETF CUSIP: 808524797 Recurring","Buy","0.749931","$26.67","($20.00)"
"10/13/2025","10/13/2025","10/14/2025","FDVV","Fidelity High Dividend ETF CUSIP: 316092840 Recurring","Buy","0.9047","$55.27","($50.00)"
"10/13/2025","10/13/2025","10/14/2025","QQQM","Invesco Exchange-Traded Fund Trust II Invesco NASDAQ 100 ETF CUSIP: 46138G649 Recurring","Buy","0.302946","$247.57","($75.00)"
"10/10/2025","10/10/2025","10/14/2025","VOO","Vanguard S&P 500 ETF CUSIP: 922908363 Recurring","Buy","0.123795","$605.84","($75.00)"
"10/10/2025","10/10/2025","10/14/2025","SCHD","Schwab US Dividend Equity ETF CUSIP: 808524797 Recurring","Buy","0.747979","$26.74","($20.00)"
"10/10/2025","10/10/2025","10/14/2025","FDVV","Fidelity High Dividend ETF CUSIP: 316092840 Recurring","Buy","0.907194","$55.12","($50.00)"
"10/10/2025","10/10/2025","10/14/2025","QQQM","Invesco Exchange-Traded Fund Trust II Invesco NASDAQ 100 ETF CUSIP: 46138G649 Recurring","Buy","0.305126","$245.80","($75.00)"
"10/10/2025","10/10/2025","10/13/2025","","ACH Deposit","ACH","","","$660.00"
"10/9/2025","10/9/2025","10/10/2025","VOO","Vanguard S&P 500 ETF CUSIP: 922908363 Recurring","Buy","0.12179","$615.81","($75.00)"
"10/9/2025","10/9/2025","10/10/2025","SCHD","Schwab US Dividend Equity ETF CUSIP: 808524797 Recurring","Buy","0.739404","$27.05","($20.00)"
"10/9/2025","10/9/2025","10/10/2025","FDVV","Fidelity High Dividend ETF CUSIP: 316092840 Recurring","Buy","0.897988","$55.68","($50.00)"
"10/9/2025","10/9/2025","10/10/2025","QQQM","Invesco Exchange-Traded Fund Trust II Invesco NASDAQ 100 ETF CUSIP: 46138G649 Recurring","Buy","0.299706","$250.24","($75.00)"
"10/8/2025","10/8/2025","10/9/2025","VOO","Vanguard S&P 500 ETF CUSIP: 922908363 Recurring","Buy","0.121245","$618.58","($75.00)"
"10/8/2025","10/8/2025","10/9/2025","SCHD","Schwab US Dividend Equity ETF CUSIP: 808524797 Recurring","Buy","0.734214","$27.24","($20.00)"
"10/8/2025","10/8/2025","10/9/2025","FDVV","Fidelity High Dividend ETF CUSIP: 316092840 Recurring","Buy","0.894374","$55.90","($50.00)"
"10/8/2025","10/8/2025","10/9/2025","QQQM","Invesco Exchange-Traded Fund Trust II Invesco NASDAQ 100 ETF CUSIP: 46138G649 Recurring","Buy","0.298714","$251.08","($75.00)"
"10/7/2025","10/7/2025","10/8/2025","VOO","Vanguard S&P 500 ETF CUSIP: 922908363 Recurring","Buy","0.12206","$614.45","($75.00)"
"10/7/2025","10/7/2025","10/8/2025","SCHD","Schwab US Dividend Equity ETF CUSIP: 808524797 Recurring","Buy","0.733944","$27.25","($20.00)"
"10/7/2025","10/7/2025","10/8/2025","FDVV","Fidelity High Dividend ETF CUSIP: 316092840 Recurring","Buy","0.897443","$55.71","($50.00)"
"10/7/2025","10/7/2025","10/8/2025","QQQM","Invesco Exchange-Traded Fund Trust II Invesco NASDAQ 100 ETF CUSIP: 46138G649 Recurring","Buy","0.301416","$248.83","($75.00)"
"10/6/2025","10/6/2025","10/7/2025","VOO","Vanguard S&P 500 ETF CUSIP: 922908363 Recurring","Buy","0.121354","$618.03","($75.00)"
"10/6/2025","10/6/2025","10/7/2025","SCHD","Schwab US Dividend Equity ETF CUSIP: 808524797 Recurring","Buy","0.730769","$27.37","($20.00)"
"10/6/2025","10/6/2025","10/7/2025","FDVV","Fidelity High Dividend ETF CUSIP: 316092840 Recurring","Buy","0.89463","$55.89","($50.00)"
"10/6/2025","10/6/2025","10/7/2025","QQQM","Invesco Exchange-Traded Fund Trust II Invesco NASDAQ 100 ETF CUSIP: 46138G649 Recurring","Buy","0.299321","$250.57","($75.00)"
"10/3/2025","10/3/2025","10/6/2025","VOO","Vanguard S&P 500 ETF CUSIP: 922908363 Recurring","Buy","0.122061","$614.45","($75.00)"
"10/3/2025","10/3/2025","10/6/2025","SCHD","Schwab US Dividend Equity ETF CUSIP: 808524797 Recurring","Buy","0.72704","$27.51","($20.00)"
"10/3/2025","10/3/2025","10/6/2025","FDVV","Fidelity High Dividend ETF CUSIP: 316092840 Recurring","Buy","0.891106","$56.11","($50.00)"
"10/3/2025","10/3/2025","10/6/2025","QQQM","Invesco Exchange-Traded Fund Trust II Invesco NASDAQ 100 ETF CUSIP: 46138G649 Recurring","Buy","0.301326","$248.90","($75.00)"
"10/2/2025","10/2/2025","10/3/2025","VOO","Vanguard S&P 500 ETF CUSIP: 922908363 Recurring","Buy","0.121923","$615.14","($75.00)"
"10/2/2025","10/2/2025","10/3/2025","SCHD","Schwab US Dividend Equity ETF CUSIP: 808524797 Recurring","Buy","0.730994","$27.36","($20.00)"
"10/2/2025","10/2/2025","10/3/2025","FDVV","Fidelity High Dividend ETF CUSIP: 316092840 Recurring","Buy","0.897263","$55.72","($50.00)"
"10/2/2025","10/2/2025","10/3/2025","QQQM","Invesco Exchange-Traded Fund Trust II Invesco NASDAQ 100 ETF CUSIP: 46138G649 Recurring","Buy","0.300956","$249.21","($75.00)"
"10/2/2025","10/2/2025","10/3/2025","VOO","Vanguard S&P 500 ETF CUSIP: 922908363 Dividend Reinvestment","Buy","0.02903","$615.21","($17.86)"
"10/1/2025","10/1/2025","10/1/2025","VOO","Cash Div: R/D 2025-09-29 P/D 2025-10-01 - 10.261997 shares at 1.74","CDIV","","","$17.86"
"10/1/2025","10/1/2025","10/2/2025","VOO","Vanguard S&P 500 ETF CUSIP: 922908363 Recurring","Buy","0.122112","$614.19","($75.00)"
"10/1/2025","10/1/2025","10/2/2025","SCHD","Schwab US Dividend Equity ETF CUSIP: 808524797 Recurring","Buy","0.728066","$27.47","($20.00)"
"10/1/2025","10/1/2025","10/2/2025","FDVV","Fidelity High Dividend ETF CUSIP: 316092840 Recurring","Buy","0.894454","$55.90","($50.00)"
"10/1/2025","10/1/2025","10/2/2025","QQQM","Invesco Exchange-Traded Fund Trust II Invesco NASDAQ 100 ETF CUSIP: 46138G649 Recurring","Buy","0.302358","$248.05","($75.00)"
"10/1/2025","10/1/2025","10/2/2025","","ACH Deposit","ACH","","","$1,400.00"
"9/30/2025","9/30/2025","9/30/2025","","Interest Payment","INT","","","$1.27"
"9/30/2025","9/30/2025","10/1/2025","VOO","Vanguard S&P 500 ETF CUSIP: 922908363 Recurring","Buy","0.123106","$609.23","($75.00)"
"9/30/2025","9/30/2025","10/1/2025","SCHD","Schwab US Dividend Equity ETF CUSIP: 808524797 Recurring","Buy","0.737191","$27.13","($20.00)"
"9/30/2025","9/30/2025","10/1/2025","FDVV","Fidelity High Dividend ETF CUSIP: 316092840 Recurring","Buy","0.902282","$55.42","($50.00)"
"9/30/2025","9/30/2025","10/1/2025","QQQM","Invesco Exchange-Traded Fund Trust II Invesco NASDAQ 100 ETF CUSIP: 46138G649 Recurring","Buy","0.305411","$245.57","($75.00)"
"9/30/2025","9/30/2025","10/1/2025","SCHD","Schwab US Dividend Equity ETF CUSIP: 808524797 Dividend Reinvestment","Buy","3.620536","$27.09","($98.08)"
"9/29/2025","9/29/2025","9/29/2025","SCHD","Cash Div: R/D 2025-09-24 P/D 2025-09-29 - 376.656474 shares at 0.2604","CDIV","","","$98.08"
"9/29/2025","9/29/2025","9/30/2025","VOO","Vanguard S&P 500 ETF CUSIP: 922908363 Recurring","Buy","0.122994","$609.78","($75.00)"
"9/29/2025","9/29/2025","9/30/2025","SCHD","Schwab US Dividend Equity ETF CUSIP: 808524797 Recurring","Buy","0.739371","$27.05","($20.00)"
"9/29/2025","9/29/2025","9/30/2025","FDVV","Fidelity High Dividend ETF CUSIP: 316092840 Recurring","Buy","0.901438","$55.47","($50.00)"
"9/29/2025","9/29/2025","9/30/2025","QQQM","Invesco Exchange-Traded Fund Trust II Invesco NASDAQ 100 ETF CUSIP: 46138G649 Recurring","Buy","0.304434","$246.36","($75.00)"
"9/29/2025","9/29/2025","9/30/2025","SPMO","Invesco S&P 500 Momentum ETF CUSIP: 46138E339 Dividend Reinvestment","Buy","0.000412","$121.11","($0.05)"
"9/29/2025","9/29/2025","9/30/2025","QQQM","Invesco Exchange-Traded Fund Trust II Invesco NASDAQ 100 ETF CUSIP: 46138G649 Dividend Reinvestment","Buy","0.029733","$247.53","($7.36)"
"9/26/2025","9/26/2025","9/26/2025","SPMO","Cash Div: R/D 2025-09-22 P/D 2025-09-26 - 0.283382 shares at 0.19171","CDIV","","","$0.05"
"9/26/2025","9/26/2025","9/26/2025","QQQM","Cash Div: R/D 2025-09-22 P/D 2025-09-26 - 24.332344 shares at 0.30245","CDIV","","","$7.36"
"9/26/2025","9/26/2025","9/29/2025","VOO","Vanguard S&P 500 ETF CUSIP: 922908363 Recurring","Buy","0.122993","$609.79","($75.00)"
"9/26/2025","9/26/2025","9/29/2025","SCHD","Schwab US Dividend Equity ETF CUSIP: 808524797 Recurring","Buy","1.838235","$27.20","($50.00)"
"9/26/2025","9/26/2025","9/29/2025","QQQM","Invesco Exchange-Traded Fund Trust II Invesco NASDAQ 100 ETF CUSIP: 46138G649 Recurring","Buy","0.305898","$245.18","($75.00)"
"9/26/2025","9/26/2025","9/29/2025","","ACH Deposit","ACH","","","$600.00"
"9/25/2025","9/25/2025","9/26/2025","VOO","Vanguard S&P 500 ETF CUSIP: 922908363 Recurring","Buy","0.123857","$605.54","($75.00)"
"9/25/2025","9/25/2025","9/26/2025","SCHD","Schwab US Dividend Equity ETF CUSIP: 808524797 Recurring","Buy","1.850631","$27.02","($50.00)"
"9/25/2025","9/25/2025","9/26/2025","QQQM","Invesco Exchange-Traded Fund Trust II Invesco NASDAQ 100 ETF CUSIP: 46138G649 Recurring","Buy","0.307566","$243.85","($75.00)"
"9/24/2025","9/24/2025","9/25/2025","SCHD","Schwab US Dividend Equity ETF CUSIP: 808524797 Recurring","Buy","1.840359","$27.17","($50.00)"
"9/24/2025","9/24/2025","9/25/2025","VOO","Vanguard S&P 500 ETF CUSIP: 922908363 Recurring","Buy","0.123191","$608.81","($75.00)"
"9/24/2025","9/24/2025","9/25/2025","QQQM","Invesco Exchange-Traded Fund Trust II Invesco NASDAQ 100 ETF CUSIP: 46138G649 Recurring","Buy","0.306084","$245.03","($75.00)"
"9/23/2025","9/23/2025","9/24/2025","VOO","Vanguard S&P 500 ETF CUSIP: 922908363 Recurring","Buy","0.122707","$611.21","($75.00)"
"9/23/2025","9/23/2025","9/24/2025","SCHD","Schwab US Dividend Equity ETF CUSIP: 808524797 Recurring","Buy","1.822821","$27.43","($50.00)"
"9/23/2025","9/23/2025","9/24/2025","QQQM","Invesco Exchange-Traded Fund Trust II Invesco NASDAQ 100 ETF CUSIP: 46138G649 Recurring","Buy","0.304006","$246.70","($75.00)"
"9/22/2025","9/22/2025","9/23/2025","VOO","Vanguard S&P 500 ETF CUSIP: 922908363 Recurring","Buy","0.122082","$614.34","($75.00)"
"9/22/2025","9/22/2025","9/23/2025","SCHD","Schwab US Dividend Equity ETF CUSIP: 808524797 Recurring","Buy","1.83361","$27.27","($50.00)"
"9/22/2025","9/22/2025","9/23/2025","QQQM","Invesco Exchange-Traded Fund Trust II Invesco NASDAQ 100 ETF CUSIP: 46138G649 Recurring","Buy","0.302727","$247.75","($75.00)"
"9/19/2025","9/19/2025","9/22/2025","VOO","Vanguard S&P 500 ETF CUSIP: 922908363 Recurring","Buy","0.122746","$611.01","($75.00)"
"9/19/2025","9/19/2025","9/22/2025","SCHD","Schwab US Dividend Equity ETF CUSIP: 808524797 Recurring","Buy","1.82826","$27.35","($50.00)"
"9/19/2025","9/19/2025","9/22/2025","QQQM","Invesco Exchange-Traded Fund Trust II Invesco NASDAQ 100 ETF CUSIP: 46138G649 Recurring","Buy","0.304445","$246.35","($75.00)"
"9/18/2025","9/18/2025","9/19/2025","VOO","Vanguard S&P 500 ETF CUSIP: 922908363 Recurring","Buy","0.123001","$609.75","($75.00)"
"9/18/2025","9/18/2025","9/19/2025","SCHD","Schwab US Dividend Equity ETF CUSIP: 808524797 Recurring","Buy","1.82083","$27.46","($50.00)"
"9/18/2025","9/18/2025","9/19/2025","QQQM","Invesco Exchange-Traded Fund Trust II Invesco NASDAQ 100 ETF CUSIP: 46138G649 Recurring","Buy","0.305306","$245.66","($75.00)"
"9/17/2025","9/17/2025","9/18/2025","VOO","Vanguard S&P 500 ETF CUSIP: 922908363 Recurring","Buy","0.123293","$608.30","($75.00)"
"9/17/2025","9/17/2025","9/18/2025","SCHD","Schwab US Dividend Equity ETF CUSIP: 808524797 Recurring","Buy","1.813565","$27.57","($50.00)"
"9/17/2025","9/17/2025","9/18/2025","QQQM","Invesco Exchange-Traded Fund Trust II Invesco NASDAQ 100 ETF CUSIP: 46138G649 Recurring","Buy","0.309508","$242.32","($75.00)"
"9/17/2025","9/17/2025","9/18/2025","","ACH Deposit","ACH","","","$1,000.00"
"9/16/2025","9/16/2025","9/17/2025","VOO","Vanguard S&P 500 ETF CUSIP: 922908363 Recurring","Buy","0.123584","$606.87","($75.00)"
"9/16/2025","9/16/2025","9/17/2025","SCHD","Schwab US Dividend Equity ETF CUSIP: 808524797 Recurring","Buy","1.824817","$27.40","($50.00)"
"9/16/2025","9/16/2025","9/17/2025","QQQM","Invesco Exchange-Traded Fund Trust II Invesco NASDAQ 100 ETF CUSIP: 46138G649 Recurring","Buy","0.308071","$243.45","($75.00)"
"9/16/2025","9/16/2025","9/16/2025","","Transfer from Brokerage to Brokerage","ITRF","","","($500.00)"
"9/16/2025","9/16/2025","9/16/2025","SCHD","Schwab US Dividend Equity ETF CUSIP: 808524797","ITRF","365.7126","",""
"9/16/2025","9/16/2025","9/16/2025","QQQM","Invesco Exchange-Traded Fund Trust II Invesco NASDAQ 100 ETF CUSIP: 46138G649","ITRF","23.105","",""
"9/16/2025","9/16/2025","9/16/2025","VOO","Vanguard S&P 500 ETF CUSIP: 922908363","ITRF","9.1545","",""
"9/16/2025","9/16/2025","9/16/2025","SPMO","Invesco S&P 500 Momentum ETF CUSIP: 46138E339","ITRF","0.2834","",""
